{"our_x_km": [8.0, 8.100000381469727, 8.199999809265137, 8.300000190734863, 8.399999618530273, 8.5, 8.600000381469727, 8.699999809265137, 8.800000190734863, 8.899999618530273, 9.0], "our_y_km": [1.0, 1.100000023841858, 1.2000000476837158, 1.2999999523162842, 1.399999976158142, 1.5, 1.600000023841858, 1.7000000476837158, 1.7999999523162842, 1.899999976158142, 2.0, 2.0999999046325684, 2.200000047683716, 2.299999952316284, 2.4000000953674316, 2.5, 2.5999999046325684, 2.700000047683716, 2.799999952316284, 2.9000000953674316, 3.0, 3.0999999046325684, 3.200000047683716, 3.299999952316284, 3.4000000953674316, 3.5, 3.5999999046325684, 3.700000047683716, 3.799999952316284, 3.9000000953674316, 4.0, 4.099999904632568, 4.199999809265137, 4.300000190734863, 4.400000095367432, 4.5, 4.599999904632568, 4.699999809265137, 4.800000190734863, 4.900000095367432, 5.0, 5.099999904632568, 5.199999809265137, 5.300000190734863, 5.400000095367432, 5.5, 5.599999904632568, 5.699999809265137, 5.800000190734863, 5.900000095367432, 6.0, 6.099999904632568, 6.199999809265137, 6.300000190734863, 6.400000095367432, 6.5, 6.599999904632568, 6.699999809265137, 6.800000190734863, 6.900000095367432, 7.0, 7.099999904632568, 7.199999809265137, 7.300000190734863, 7.400000095367432, 7.5, 7.599999904632568, 7.699999809265137, 7.800000190734863, 7.900000095367432, 8.0, 8.100000381469727, 8.199999809265137, 8.300000190734863, 8.399999618530273, 8.5, 8.600000381469727, 8.699999809265137, 8.800000190734863, 8.899999618530273, 9.0], "our_z_m": [50.0, 100.0, 150.0, 200.0, 250.0], "enemy_y_km": [1.0, 1.100000023841858, 1.2000000476837158, 1.2999999523162842, 1.399999976158142, 1.5, 1.600000023841858, 1.7000000476837158, 1.7999999523162842, 1.899999976158142, 2.0, 2.0999999046325684, 2.200000047683716, 2.299999952316284, 2.4000000953674316, 2.5, 2.5999999046325684, 2.700000047683716, 2.799999952316284, 2.9000000953674316, 3.0, 3.0999999046325684, 3.200000047683716, 3.299999952316284, 3.4000000953674316, 3.5, 3.5999999046325684, 3.700000047683716, 3.799999952316284, 3.9000000953674316, 4.0, 4.099999904632568, 4.199999809265137, 4.300000190734863, 4.400000095367432, 4.5, 4.599999904632568, 4.699999809265137, 4.800000190734863, 4.900000095367432, 5.0, 5.099999904632568, 5.199999809265137, 5.300000190734863, 5.400000095367432, 5.5, 5.599999904632568, 5.699999809265137, 5.800000190734863, 5.900000095367432, 6.0, 6.099999904632568, 6.199999809265137, 6.300000190734863, 6.400000095367432, 6.5, 6.599999904632568, 6.699999809265137, 6.800000190734863, 6.900000095367432, 7.0, 7.099999904632568, 7.199999809265137, 7.300000190734863, 7.400000095367432, 7.5, 7.599999904632568, 7.699999809265137, 7.800000190734863, 7.900000095367432, 8.0, 8.100000381469727, 8.199999809265137, 8.300000190734863, 8.399999618530273, 8.5, 8.600000381469727, 8.699999809265137, 8.800000190734863, 8.899999618530273, 9.0], "enemy_z_m": [150.0], "sample_steps": {"x": 1, "y": 1, "z": 1}, "sampled_point_count": 4455}